{"biases":[[[-1.2438130378723145],[3.6710922718048096],[13.246788024902344]],[[1.1393980979919434]]],"weights":[[[12.190406799316406,12.414809226989746],[-6.853757858276367,-6.926358222961426],[-14.804765701293945,-14.420629501342773]],[[2.620335578918457,-2.2610080242156982,-2.488377809524536]]]}